Index,Llave,Directorio,Descripción,Correlación,Salu2
1,DIRECTORIO,Identificador del hogar,Código único que identifica al hogar encuestado (directorio de la encuesta).,Na,:)
2,SECUENCIA_ENCUESTA,Secuencia de la encuesta,Número consecutivo que identifica la secuencia de la encuesta dentro del hogar.,Na,:)
3,SECUENCIA_P,Secuencia de la persona,Número consecutivo que identifica a cada persona dentro del hogar.,Na,:)
4,ORDEN,Orden de la persona,Número de orden que ocupa la persona dentro del listado de miembros del hogar.,Na,:)
5,FEX_C,Factor de expansión,Factor de expansión calibrado que permite proyectar los resultados muestrales a la población total.,Na,:)
6,P6016,Informante del hogar,Identifica el número de orden de la persona que proporciona la información del hogar.,Na,:)
7,P1894,Tipo de documento de identidad,Pregunta 1: indaga el tipo de documento de identidad que posee la persona.,Na,:)
8,P6020,Sexo al nacer,Pregunta 2: registra el sexo asignado al nacer de la persona.,Na,:)
9,P6034,Fecha de nacimiento,Pregunta 3: indaga la fecha de nacimiento de la persona.,Na,:)
10,P6040,Edad en años cumplidos,Pregunta 4: indaga cuántos años cumplidos tiene la persona.,Na,:)
11,P6051,Parentesco con el jefe del hogar,Pregunta 5: indaga la relación de parentesco de la persona con el jefe o jefa del hogar.,Na,:)
12,P5502,Estado conyugal actual,"Pregunta 6: indaga la situación conyugal actual de la persona (soltero, casado, unión libre, etc.).",Na,:)
13,P6071,Cónyuge vive en el hogar,Pregunta 7: indaga si el/la cónyuge de la persona vive en el hogar.,Na,:)
14,P6071S1,Orden del cónyuge en el hogar,"Número de orden del cónyuge dentro del hogar, cuando este vive en el mismo.",P6071,:)
15,P756,Lugar de nacimiento,Pregunta 8: indaga dónde nació la persona.,Na,:)
16,P756S1,Departamento de nacimiento,"Departamento de nacimiento de la persona, cuando nació en Colombia.",P756,:)
17,P756S2,Municipio de nacimiento,"Municipio de nacimiento de la persona, cuando nació en Colombia.",P756,:)
18,P756S3,País de nacimiento,"País de nacimiento de la persona, cuando nació en el exterior.",P756,:)
19,P3510,Nacionalidad,Pregunta 8A: indaga qué nacionalidad(es) tiene la persona.,Na,:)
20,P3510S1,Nacionalidades adicionales a la colombiana,"Registra el/los país(es) de nacionalidad de la persona, además de la colombiana.",P3510,:)
21,P3510S1A1,Nacionalidad estadounidense (adicional),"Marca si la persona, además de colombiana, tiene nacionalidad estadounidense.",P3510S1,:)
22,P3510S1A2,Nacionalidad española (adicional),"Marca si la persona, además de colombiana, tiene nacionalidad española.",P3510S1,:)
23,P3510S1A3,Nacionalidad venezolana (adicional),"Marca si la persona, además de colombiana, tiene nacionalidad venezolana.",P3510S1,:)
24,P3510S1A4,Nacionalidad ecuatoriana (adicional),"Marca si la persona, además de colombiana, tiene nacionalidad ecuatoriana.",P3510S1,:)
25,P3510S1A5,Nacionalidad panameña (adicional),"Marca si la persona, además de colombiana, tiene nacionalidad panameña.",P3510S1,:)
26,P3510S1A6,Nacionalidad peruana (adicional),"Marca si la persona, además de colombiana, tiene nacionalidad peruana.",P3510S1,:)
27,P3510S1A7,Nacionalidad costarricense (adicional),"Marca si la persona, además de colombiana, tiene nacionalidad costarricense.",P3510S1,:)
28,P3510S1A8,Nacionalidad argentina (adicional),"Marca si la persona, además de colombiana, tiene nacionalidad argentina.",P3510S1,:)
29,P3510S1A9,Nacionalidad francesa (adicional),"Marca si la persona, además de colombiana, tiene nacionalidad francesa.",P3510S1,:)
30,P3510S1A10,Nacionalidad italiana (adicional),"Marca si la persona, además de colombiana, tiene nacionalidad italiana.",P3510S1,:)
31,P3510S1A11,Otra nacionalidad adicional,"Marca si la persona, además de colombiana, tiene otra nacionalidad no listada.",P3510S1,:)
32,P3510S2,Nacionalidades sin incluir la colombiana,"Registra el/los país(es) de nacionalidad de la persona, sin considerar la colombiana.",P3510,:)
33,P3510S2A1,Nacionalidad Estados Unidos (sin colombiana),"Marca si la persona tiene nacionalidad estadounidense, sin considerar la colombiana.",P3510S2,:)
34,P3510S2A2,Nacionalidad España (sin colombiana),"Marca si la persona tiene nacionalidad española, sin considerar la colombiana.",P3510S2,:)
35,P3510S2A3,Nacionalidad Venezuela (sin colombiana),"Marca si la persona tiene nacionalidad venezolana, sin considerar la colombiana.",P3510S2,:)
36,P3510S2A4,Nacionalidad Ecuador (sin colombiana),"Marca si la persona tiene nacionalidad ecuatoriana, sin considerar la colombiana.",P3510S2,:)
37,P3510S2A5,Nacionalidad Panamá (sin colombiana),"Marca si la persona tiene nacionalidad panameña, sin considerar la colombiana.",P3510S2,:)
38,P3510S2A6,Nacionalidad Perú (sin colombiana),"Marca si la persona tiene nacionalidad peruana, sin considerar la colombiana.",P3510S2,:)
39,P3510S2A7,Nacionalidad Costa Rica (sin colombiana),"Marca si la persona tiene nacionalidad costarricense, sin considerar la colombiana.",P3510S2,:)
40,P3510S2A8,Nacionalidad Argentina (sin colombiana),"Marca si la persona tiene nacionalidad argentina, sin considerar la colombiana.",P3510S2,:)
41,P3510S2A9,Nacionalidad Francia (sin colombiana),"Marca si la persona tiene nacionalidad francesa, sin considerar la colombiana.",P3510S2,:)
42,P3510S2A10,Nacionalidad Italia (sin colombiana),"Marca si la persona tiene nacionalidad italiana, sin considerar la colombiana.",P3510S2,:)
43,P3510S2A11,Otro país de nacionalidad (sin colombiana),"Marca si la persona tiene otra nacionalidad no listada, sin considerar la colombiana.",P3510S2,:)
44,P6074,Residencia permanente en el municipio,Pregunta 9: indaga si la persona siempre ha vivido en el municipio actual.,Na,:)
45,P755,Lugar de residencia hace 5 años,Pregunta 10: indaga dónde vivía la persona hace 5 años.,Na,:)
46,P755S1,Departamento de residencia hace 5 años,"Departamento donde vivía la persona hace 5 años, si fue en Colombia.",P755,:)
47,P755S2,Municipio de residencia hace 5 años,"Municipio donde vivía la persona hace 5 años, si fue en Colombia.",P755,:)
48,P755S3,País de residencia hace 5 años,"País donde vivía la persona hace 5 años, si fue en el exterior.",P755,:)
49,P754,Zona de residencia hace 5 años,Pregunta 11: indaga si el lugar donde vivía la persona hace 5 años era una zona urbana o rural.,Na,:)
50,P753,Lugar de residencia hace 12 meses,Pregunta 12: indaga dónde vivía la persona hace 12 meses.,Na,:)
51,P753S1,Departamento de residencia hace 12 meses,"Departamento donde vivía la persona hace 12 meses, si fue en Colombia.",P753,:)
52,P753S2,Municipio de residencia hace 12 meses,"Municipio donde vivía la persona hace 12 meses, si fue en Colombia.",P753,:)
53,P753S3,País de residencia hace 12 meses,"País donde vivía la persona hace 12 meses, si fue en el exterior.",P753,:)
54,P752,Zona de residencia hace 12 meses,Pregunta 12A: indaga si el lugar donde vivía la persona hace 12 meses era una zona urbana o rural.,Na,:)
55,P1662,Motivo del cambio de residencia,Pregunta 13: indaga el principal motivo por el que la persona cambió su lugar de residencia en los últimos 12 meses.,Na,:)
56,P6081,Padre vive en el hogar,Pregunta 14: indaga si el padre de la persona vive en el hogar.,Na,:)
57,P6081S1,Orden del padre en el hogar,"Número de orden del padre dentro del hogar, cuando este vive en el mismo.",P6081,:)
58,P6087,Nivel educativo del padre,Pregunta 15: indaga el nivel educativo más alto alcanzado por el padre de la persona.,Na,:)
59,P6083,Madre vive en el hogar,Pregunta 16: indaga si la madre de la persona vive en el hogar.,Na,:)
60,P6083S1,Orden de la madre en el hogar,"Número de orden de la madre dentro del hogar, cuando esta vive en el mismo.",P6083,:)
61,P6088,Nivel educativo de la madre,Pregunta 17: indaga el nivel educativo más alto alcanzado por la madre de la persona.,Na,:)
62,P6080,Autorreconocimiento étnico,"Pregunta 18: indaga con cuál grupo étnico se autorreconoce la persona según su cultura, pueblo o rasgos físicos.",Na,:)
63,P2057,Autoidentificación campesina actual,Pregunta 20: indaga si la persona se considera campesina en la actualidad.,Na,:)
64,P2059,Autoidentificación campesina pasada,Pregunta 21: indaga si la persona considera que alguna vez fue campesina.,Na,:)
65,P2061,Percepción de comunidad campesina,Pregunta 22: indaga si la persona considera que la comunidad donde vive es campesina.,Na,:)
66,P1895,Satisfacción con la vida,Pregunta 23: indaga qué tan satisfecha se siente la persona con su vida actualmente.,Na,:)
67,P1896,Satisfacción con el ingreso,Pregunta 24: indaga qué tan satisfecha se siente la persona con su ingreso actualmente.,Na,:)
68,P1897,Satisfacción con la salud,Pregunta 25: indaga qué tan satisfecha se siente la persona con su salud actualmente.,Na,:)
69,P1898,Satisfacción con la seguridad,Pregunta 26: indaga qué tan satisfecha se siente la persona con su nivel de seguridad actualmente.,Na,:)
70,P1899,Satisfacción con el trabajo,Pregunta 27: indaga qué tan satisfecha se siente la persona con su trabajo o actividad actualmente.,Na,:)
71,P3175,Satisfacción con el tiempo libre,Pregunta 28: indaga qué tan satisfecha se siente la persona con su tiempo libre.,Na,:)
72,P1901,Felicidad el día anterior,Pregunta 29: indaga qué tan feliz se sintió la persona el día anterior a la encuesta.,Na,:)
73,P1903,Preocupación el día anterior,Pregunta 30: indaga qué tan preocupada se sintió la persona el día anterior a la encuesta.,Na,:)
74,P1904,Tristeza el día anterior,Pregunta 31: indaga qué tan triste se sintió la persona el día anterior a la encuesta.,Na,:)
75,P1905,Sentido de propósito,Pregunta 32: indaga qué tanto considera la persona que las cosas que hace en su vida valen la pena.,Na,:)
76,P1927,Escalón de bienestar (escalera de Cantril),Pregunta 33: indaga en qué escalón de una escalera de 0 a 10 diría la persona que se encuentra actualmente.,Na,:)
77,P3038,Orientación de atracción sexual o romántica,Pregunta 34: indaga hacia quién siente la persona atracción sexual o romántica.,Na,:)
78,P3039,Autorreconocimiento de orientación sexual,Pregunta 35: indaga cómo se reconoce la persona en términos de orientación sexual.,Na,:)
